avg_cur_bal,delinq_2yrs,funded_amnt,funded_amnt_inv,grade,hardship_reason,hardship_type,id,inq_fi,last_fico_range_low,max_bal_bc,mo_sin_rcnt_tl,mths_since_last_delinq,mths_since_last_major_derog,mths_since_last_record,next_pymnt_d,num_rev_accts,open_acc_6m,open_rv_12m,out_prncp,percent_bc_gt_75,revol_util,sec_app_earliest_cr_line,sec_app_mort_acc,sec_app_num_rev_accts,term,total_il_high_credit_limit,verification_status_joint,target
0.2904082897148314,-1.6613428993765809,-1.5443694776649697,1.1069556639645215,0.1827676745790299,-0.8490497732664622,0.3756905916843394,-1.7234120963168802,1.4318761207724875,-1.317190877717529,-1.5769499526276378,1.739131253030387,0.0473253688697342,-1.1810302362193348,-0.5160693791147379,-0.0937260366828574,-0.5064612943643225,-0.6638436474688418,0.21422238112519,-0.514824442250724,0.5336520028214498,-0.3911929363954053,-0.1208281381056321,1.6413407354809253,0.3007983981865111,-1.5760986041423128,1.1059385417389438,1.4261786412437174,0
-0.5952450326311702,-0.582767675597912,-1.561327354859788,1.7360392884524334,-0.538209345456591,1.2978955246021109,0.0229294727319079,-1.7060913717307808,0.931345142225301,-0.60237518459465,-0.1678447873094533,-1.0916012035806193,0.7137660342816731,1.257932577177146,0.0709481570658167,1.5518455997337253,1.564955042504072,0.4489377416879384,1.221537652873732,1.1687829362892548,1.102510159732433,-0.5714480867536678,-1.558443379022501,1.5751309438116663,1.3525410491882983,-0.0935422463824664,-1.0623147710364358,0.7176944677495706,0
-0.2557451581790828,-0.2457129181670779,1.058419613833432,1.3956253174405069,-0.8986978554744016,-1.5199701788503914,0.2345861441033668,-1.6887706471446815,0.4308141636781142,1.6564424056736478,-0.9355147241112638,1.809899564445662,0.7356344400984414,-0.7947420710952606,0.4315994241977107,-1.2384715228856975,-0.3683668719064296,-0.594294810646543,0.1470680296752872,-1.6713594851882296,0.2020212830546058,-0.9531247119440796,0.8375820225056138,-0.0801138479198032,0.0203336912527011,1.318416189579292,-0.7196466502907807,0.2217555463036678,0
0.7275382265791721,0.5632184996669236,0.570302265600271,-0.7599106133644751,-0.1777208354387805,-0.6477736515912835,-0.6825927651729548,-1.6714499225585822,0.3593097381713732,1.1131824789002596,1.441817076989263,1.1729847617081857,0.5659962699671666,0.3221111953315814,1.4508790182847282,0.0493671490924975,0.5292468740698748,-1.0115878315803355,-1.5989451080221857,-0.6161837462183988,-0.1735017378578497,0.6968244200284249,-1.62690124763759,-0.2787432229275796,1.282424872454846,1.1066224241850282,1.7734572275328853,1.001088137147229,0
1.4614985835650245,1.3047389660147584,-0.1675971336813142,-0.032703368102427,-0.538209345456591,1.3649875651605037,0.6578994868462845,-1.654129197972483,-1.4283008994971509,-1.6174134688291382,-1.0118438068090414,-0.4546864008431429,-0.7399577334416289,0.0296782802820675,0.0684414396542788,-1.5246578944364078,-0.6445557168222155,0.3098400680433408,0.6171484898246069,-0.8451120134745719,0.4207860855898765,-0.5164839215876066,0.6322084166603468,1.5751309438116663,-0.4003633691480137,-0.0935422463824664,-0.4113488233984911,0.9302397197978146,0
-1.1706400765520446,1.0350951600700913,-1.377706716163913,-1.18288962753712,-1.0428932594815257,1.4320796057188965,-0.5414883175919822,-1.6368084733863837,-0.5702477934162593,-1.6460060965540533,-0.6403149853652057,0.1114600904790583,-1.1564965757119057,-1.647640667241024,0.0388493514012508,0.9794728566323052,-0.575508505593269,-1.2897831788695306,-0.5244754848237408,-0.8712075337325941,-0.7587324197993389,1.7524095050809771,-0.6000332184112551,0.7144036521113023,0.721495458587226,-0.587727698969082,1.0594615679541957,-1.124364383335211,1
0.3251842481784709,0.2261637422360896,-0.1115128142372794,1.7692697698422384,-1.6917725775135846,-1.4528781382919984,-1.3881150030778175,-1.6194877488002843,0.5023185891848552,0.3697741580524654,0.1288197044227955,1.243753073123461,0.5215771858370287,1.4979751083822623,-1.5170378101917834,-0.3083658153458899,-0.6445557168222155,0.3098400680433408,0.8186115441743153,-1.4392207532294186,-1.160730162037719,-0.5076077210017831,-1.147696167331967,-1.2056803062972026,-1.2417574899494437,0.9654265805888524,-0.1486268059029383,-0.9118191312869668,0
-0.7530851179047243,-1.4591100449180805,-0.1698544596567598,0.5242741171842309,-0.1777208354387805,-0.1781293676825332,1.1517650533796884,-1.602167024214185,-0.927769920949964,1.17036773435009,-0.71595798059209,-0.8085279579195187,0.3934194875343706,-1.440156560598157,-1.569925575295769,0.6932864850815952,-1.680263885256413,-0.5247459738242443,0.8857658956242181,-1.0307201698069266,0.3511157663111278,-0.2740953671285795,0.7006662852754358,-1.33809988963572,0.581263105120321,-1.293706916949961,1.3476671959189266,-0.6992738792387229,0
1.1059895199280745,-1.3916990934319136,-1.135363772186223,-0.8268538164967022,0.1106699725754678,1.4991716462772893,1.292869500960661,-1.584846299628086,1.6463893972927106,-0.9168940895687168,-0.894259927640164,0.3945333361401589,-1.0755213241473205,0.6570457806194759,0.2109309370664074,1.7664853783967578,-1.749311096485359,-0.1770017897127504,0.0799136782253844,0.2346660709013086,-0.9823741446841224,0.4400973876999907,-0.2577438753358101,0.2509351104264907,1.0720763422544883,0.8948286587907645,0.772707654968223,-0.2741833751422348,0
-1.3759820678178925,-0.9872333845149128,-0.2972520913990297,0.7587817443699227,-0.4661116434530289,-1.3186940571752126,-0.4003838700110096,-1.5675255750419863,1.4318761207724875,0.7843672600637352,0.4029850381853597,0.1114600904790583,0.7636298719968108,0.9898654246658164,-0.1788110051470931,1.4087524139583705,1.1506717751303932,-0.0379041160681529,-0.0543950246744211,-0.6727103364846989,-1.5184872515340937,1.117419770864371,0.3583769421999908,-0.6097921812738735,1.4226572259217507,0.9654265805888524,-1.6686763413068424,0.7176944677495706,0
0.724371227107972,-0.3131238696532447,-0.4109089414553712,0.5670543312540156,1.8410148206609585,-0.2452214082409261,0.0934816965223942,-1.5502048504558872,1.3603716952657467,1.0559972234504291,-1.297313761411939,0.8899115160470851,-0.1107371350089923,1.025218183648874,1.2044893247081223,1.4087524139583705,-1.127886195424841,-0.5247459738242443,0.9529202470741208,-0.2398377673452165,-1.7947300674743325,-0.0166855501396969,0.5637505480452578,-1.2718900979664614,-0.4003633691480137,-0.8701193861614336,-0.6951978576096043,1.2136333891954734,0
-1.0205288964409909,0.6306294511530904,0.2879588557474768,-0.3633221482638887,-0.7545024514672773,1.3649875651605037,-1.6703238982397628,-1.5328841258697878,-0.5702477934162593,1.0702935373128868,-1.3998367076697131,0.1114600904790583,0.6328822941498277,-1.2435778259640051,-1.1360746056021762,0.4071001135308851,0.7363885077567143,-0.2465506265350492,-0.2558580790241296,-0.3790339971680697,0.3222025838104472,-0.1764571606845205,-0.1208281381056321,-0.7422117646123911,-0.6808280760818236,0.400643206204149,0.2500337587389787,0.5759976330507413,0
0.4101243672786658,-0.919822433028746,0.3498358958781404,-1.2387261195795298,1.624721714650272,-0.6477736515912835,-0.8942494365444137,-1.5155634012836885,-0.0697168148690725,-1.3314871915799866,-0.3530762851430373,0.3945333361401589,1.2261533858816598,-0.1704606691206713,-1.604214361351149,-0.5230055940089225,1.4959078312751255,1.770365641311615,0.3485310840249956,1.3349520653665607,-0.5354390465109493,1.779379499168672,-1.147696167331967,-1.536729264643497,-0.1900148389476562,0.8242307369926766,1.5702682013181646,-0.4158802098410642,0
1.2224964216526968,0.0239308877775892,-1.546615760606866,0.7583255319823643,0.3269630785861541,-0.983233854383248,-1.7408761220302489,-1.4982426766975894,-0.7132566444297412,1.4277013838743264,0.8081385420042211,-0.8792962693347939,-1.109198238047429,1.142617047153595,-0.1413475315275592,-1.0238317442226652,-1.4731222515695734,-0.9420389947580368,1.4901550586733434,1.4359082398783825,0.823828882617438,-1.5836763458677745,1.3852449714263255,-0.0139040562505444,0.3007983981865111,0.4712411280022369,-1.384966755765096,-0.1324865404434055,0
0.9488444874834638,-0.4479457726255784,-0.4877333770847374,0.2169695252246827,-0.8986978554744016,-1.050325894941641,0.1640339203128805,-1.48092195211149,0.0732920361444093,0.3125889026026351,0.2553664848797328,-1.37467444924172,-1.6359285050938452,-0.6686889333296502,-0.8711479562879538,0.7648330779692727,-0.989791772966948,-1.220234342047232,1.557309410123246,0.0196867072866924,-0.4898049873833688,1.4362802072935703,1.1798713655810589,0.3833546937650083,-1.452106020149801,-0.2347380899786423,0.4048344588877868,-0.8409707139375523,1
0.9415874090070152,1.3047389660147584,0.3201450762062868,1.1188768334609709,0.8316469926110889,-1.050325894941641,-0.6120405413824686,-1.463601227525391,-0.5702477934162593,1.141775106625175,-0.1843320953992491,-0.6669913350889685,1.0223485920210225,-0.1010732989639991,-1.519206535402989,-0.3083658153458899,0.6673412965277677,1.2139749467332248,-0.7930928906233521,-0.5394663373624252,-0.103831418579101,-1.1105065761773354,-1.62690124763759,1.6413407354809253,0.581263105120321,-0.7995214643633457,-0.6672755253460207,1.3553302238943026,0
0.1435055996483877,-1.25687719045958,-0.0744692829924566,0.2164536654171978,0.7595492906075267,0.4927910379013958,0.7284517106367708,-1.4462805029392911,0.0017876106376684,-1.4744503302045624,0.2918432443172752,1.5975946301998367,0.4297816789974901,-0.7714537511143599,0.8092255655887772,-0.451459001121245,0.3221052403830353,1.0053284362663284,0.8186115441743153,-1.3065977538713247,-0.3786808281337647,1.063479782688982,-0.326201743950899,1.6413407354809253,1.6330057561221083,0.4712411280022369,1.4381440280343996,-1.6911517221305283,1
1.409383680183595,1.439560868987092,1.0617289511519663,1.4046946172654429,-0.8986978554744016,1.3649875651605037,1.292869500960661,-1.428959778353192,1.503380546279229,-1.0741535420557502,-0.375718518272256,1.031448138877635,0.7443926848657988,-0.1155062359668386,-1.3054041681763784,1.4802990068460478,0.8054357189856607,-1.3593320156918294,-1.46463640512238,1.601125053674865,0.4695553090850008,0.4899406679126921,0.5637505480452578,-0.8084215562816499,0.721495458587226,-0.0935422463824664,0.9929347731492026,0.2926039636530825,0
0.3820153610366096,-1.25687719045958,0.4257210240656377,0.3300581414090898,-1.259186365492212,0.6940671595765745,1.292869500960661,-1.4116390537670929,-0.5702477934162593,1.1131824789002596,1.5262987506009886,-0.4546864008431429,1.2289093286436972,1.3434649134678152,0.4081089662746025,1.4087524139583705,-1.1969334066537871,1.3530726203778225,0.4828397869248013,-1.4665589668702856,-0.556340142294574,-0.452643555835722,0.0845454677396348,-0.4773725979353559,-0.9612927830156336,-0.6583256207671698,-0.4251393912880186,-0.0616381230939908,1
1.500267581097755,0.0239308877775892,-1.1683785449563089,0.3623790900198952,0.3269630785861541,1.5662636868356823,-0.1887271986395508,-1.3943183291809935,0.4308141636781142,0.0981441946657714,-1.4107114297365773,-1.5162110720722703,1.1052784429906832,-0.1444843001549807,-0.7208442185823649,0.1924603348678526,1.2197189863593396,1.6312679676670174,0.6843028412745097,-0.6511096055812672,1.5605925089902053,1.3639050332860858,0.7691241538905248,-0.5435823896046147,-0.1198986622142038,0.4712411280022369,-1.1516256673942689,-0.6284254618893083,0
0.2408551720684971,0.9676842085839245,-1.4653776843040711,1.4922765506912468,-0.9707955574779636,0.1573308351094312,1.363421724751147,-1.3769976045948942,-1.4283008994971509,-1.2314129945427836,0.6505868695051787,-1.0916012035806193,1.65833290997849,0.202089235052971,-1.091862786679715,1.7664853783967578,-0.0231308157616971,-0.2465506265350492,-0.3901667819239352,-0.649681306123653,1.4640991167891386,-1.5754829299423987,-1.284611904562145,1.3102917771346314,0.3709145749199635,1.4596120331754678,-1.7095981871900912,0.0092102942554238,0
0.1031774480884213,-1.3916990934319136,0.3733913360282435,-0.2011285225004061,0.6153538866004026,1.4320796057188965,-1.0353538841253862,-1.3596768800087948,0.1447964616511503,0.0838478808033138,1.3767764560549776,0.8899115160470851,0.1717660777035933,-0.3203641197935798,-0.380361677780002,0.8363796708569502,-0.7826501392801085,-0.4551971370019455,-0.7259385391734493,-0.5729694481035607,1.1572013603662503,-0.8455861279235252,-0.2577438753358101,0.1847253187572319,-1.8026869038170632,-1.7172944477384886,0.4764502246138245,-0.1324865404434055,1
-0.8595972491024364,-0.3131238696532447,-1.607043240186679,-1.1655112613666738,-1.3312840674957742,0.6269751190181816,1.292869500960661,-1.3423561554226957,1.145858418745524,0.1267368223906866,1.0854959667378403,-0.950064580750069,0.005826524089371,-0.1273153815197356,1.0743194687753297,-0.0937260366828574,-0.713602928051162,0.7271330889771335,1.557309410123246,-1.1091569500770209,1.4090595645589272,0.3158305794984613,-1.489985510407412,-0.8746313479509087,1.5628895793886557,-0.8701193861614336,-0.2945397360545508,0.2217555463036678,0
0.2349628248496681,-0.7850005300564123,0.1912550109593879,-1.542122540285595,1.624721714650272,0.0231467539926454,0.3756905916843394,-1.3250354308365964,-1.5713097505106328,-0.3307452212079559,-0.9803251907823516,-1.1623695149958946,-0.2971236639615623,-1.6573168099750046,-0.3377865076873983,0.5501932993062402,-0.9207445617380016,-0.316099463357348,-0.1887037275742268,1.016417001411631,-0.2323731576483926,-0.4195284998039958,-0.8054068242565221,0.6481938604420435,0.581263105120321,0.9654265805888524,-0.6221669595427465,1.5678754759425466,0
-1.13717432867518,-1.4591100449180805,1.330993836536664,1.0573882965061376,-0.6824047494637153,1.029527362368539,-0.6120405413824686,-1.307714706250497,0.2163008871578913,-0.9883756588810046,-0.6074326105825842,0.8899115160470851,-1.1652958062946983,-0.7337950149753365,0.8995067667532589,-1.0238317442226652,-0.0921780269906436,-0.6638436474688418,-0.5244754848237408,-1.2526845665232191,0.0717377860033456,0.4643362431458934,0.5637505480452578,-0.2125334312583207,-0.5405957226149187,0.9654265805888524,1.7830089180780004,-0.6284254618893083,0
1.337907423603612,-0.1783019666809111,0.1581311070342308,0.574860913274085,0.5432561845968404,-0.312313448799319,-0.9648016603349,-1.2903939816643977,1.5748849717859696,-0.0162263162338892,0.7960855539176677,-0.5254547122584181,0.3000428468666115,-0.2082454889632067,-1.2574779195059334,-0.9522851513349876,0.2530580291540888,-1.3593320156918294,-1.3974820536724772,0.5072242551089052,0.7882970197852759,-1.5372469889573128,-0.1892860067207211,0.9130330271190786,-1.031408959749086,0.8948286587907645,-0.07932480147538,1.284481806544888,0
0.680023633386745,1.102506111556258,-0.4441403525600785,0.8746614983073724,-0.9707955574779636,-1.6541542599671772,-1.5997716744492765,-1.2730732570782983,1.145858418745524,-1.4029687608922743,-1.312840951019405,-0.6669913350889685,-0.733926105378713,0.469908040875565,0.9754041348974052,0.9794728566323052,-1.3350278291116804,-0.8029413211134393,1.3558463557735378,-1.2480541286167883,0.628055285444154,-1.2218004758303531,1.2483292341961478,-1.6029390563127557,0.9318439887875836,-1.4349027605461369,0.9379630210718378,0.9302397197978146,0
1.7586622998630197,-0.3805348211394115,0.3761852235161259,-0.8829654096698031,-0.1056231334352184,1.3649875651605037,-0.2592794224300371,-1.2557525324921992,-1.35679647399041,0.112440508528229,1.1120816879112423,-0.5254547122584181,1.51977082109715,-0.1619262264788221,-0.8730288654605258,-1.3100181157733752,-1.54216946279852,-0.8724901579357381,1.0200745985240238,-1.431152960203716,1.3059474920263787,-1.1856128888266113,1.1114134969659697,0.7806134437805611,0.9318439887875836,-1.4349027605461369,-1.1146583684516582,-0.9826675486363816,0
-1.3017736055442624,-0.7175895785702455,-0.2187903636484806,-1.157078562187135,0.1106699725754678,0.6269751190181816,-1.1764583317063588,-1.2384318079061,1.074353993238783,-1.6317097826915958,0.8022812132966282,0.1114600904790583,0.3370632846586637,-0.547862190844326,0.6463861501520938,1.1941126352953375,1.1506717751303932,-0.2465506265350492,-0.3901667819239352,1.4500947886810922,0.6984223079156902,-0.9732668594272944,-0.0523702694905431,-0.2787432229275796,1.4226572259217507,-1.6466965259404007,-1.7025797537710816,-1.549454887431699,0
-0.7974076801229852,1.6417937234455924,0.0621255717205603,-1.5930780658804489,0.6874515886039646,1.4320796057188965,-1.5292194506587902,-1.2211110833200003,-1.070778771963446,1.299034559112208,0.8379412660588089,1.243753073123461,0.3708161636477259,-0.3749614894564755,0.2613694782774684,1.6233921926214028,0.9435301414435536,0.8662307626217309,0.8186115441743153,-1.0204008189770184,1.6793804033604722,-0.0515075678225432,-1.6953591162526789,-1.6029390563127557,1.142192518987941,-1.364304838748049,-0.2535222682265935,-0.6992738792387229,0
1.3632602213409577,1.3047389660147584,1.3349638070975092,-0.3904324428697265,1.55262401264671,0.2244228756678241,1.6456306199130923,-1.2037903587339012,1.074353993238783,1.3133308729746658,-1.259613288551091,-1.37467444924172,-0.4613951655527616,-0.8763345521547019,1.5148313239344435,0.6932864850815952,0.8054357189856607,-1.2897831788695306,-1.531790756572283,1.1472359791084197,-0.5828148636204984,0.9480891750732756,1.5221607086565037,-1.404309681304979,-0.4704795458814662,-1.293706916949961,0.6361283683514437,-1.6911517221305283,0
-0.2726527382923281,0.2261637422360896,-0.4507876091663329,0.4660929392894399,0.6874515886039646,-1.3186940571752126,0.9401083820082295,-1.1864696341478018,-0.9992743464567052,1.1560714204876323,0.7984602649184928,0.3945333361401589,-1.521040671190398,1.4695131885010584,-0.3542446371701865,0.8363796708569502,0.2530580291540888,-1.220234342047232,-0.6587841877235464,0.1971649706169268,1.1049486209071888,1.471785009636864,-0.736948955641433,0.4495644854342671,0.441030751653416,1.1066224241850282,0.0657452791863197,-1.2660612180340405,0
-0.0314642631894014,-1.1894662389734132,1.398391419056486,-0.2413504045046188,0.3269630785861541,-0.983233854383248,-0.8942494365444137,-1.1691489095617027,-0.0697168148690725,1.1274787927627172,0.6720053892110919,-1.2331378264111696,-1.5918585070468991,0.0845948535910442,-1.4621126838554843,0.9079262637446276,-1.127886195424841,0.1011935575764445,-1.531790756572283,-1.4060087144447897,0.6332805593900604,1.232468986149853,0.4268348108150798,-1.6029390563127557,0.1605660447196061,-0.7995214643633457,1.4422264331056522,-1.6911517221305283,0
1.3072253160155307,1.0350951600700913,1.2188394886331877,-0.0794759828126216,-1.4754794715028985,-1.5870622194087842,0.5167950392653119,-1.1518281849756034,-0.6417522189230003,-1.2743019361301562,1.175607732039076,-1.5869793834875454,-0.2221001887849928,-1.663385152630808,-1.6242778571193397,-0.5230055940089225,0.2530580291540888,1.2139749467332248,-0.9274015935231577,1.608149636482193,0.6116827604136481,-0.9473210423302718,-0.8054068242565221,-0.8084215562816499,-0.7509442528152761,1.4596120331754678,-0.194654646311025,1.709572310641376,1
0.1570092382555045,1.506971820473259,-1.0627288686082634,1.5907128685456031,-0.538209345456591,-0.6477736515912835,0.0934816965223942,-1.134507460389504,1.074353993238783,-1.145635111368038,-1.4550674223714994,1.1022164502929106,-1.407092331108009,-1.6426268428327746,1.161983843728989,1.1225660424076602,0.8744829302146072,1.6312679676670174,1.3558463557735378,-0.8252053282965542,-0.6618906760018783,-0.113299579593084,1.0429556283508807,1.3765015688038902,-0.8911766062821811,0.1888494408098852,-0.63562683487349,0.5051492157013265,0
-0.9576261010756476,-0.4479457726255784,-1.4692602849818377,-0.3987787436652512,0.7595492906075267,0.962435321810146,-1.3175627792873312,-1.1171867358034049,1.5748849717859696,-0.7024493816318531,-1.5166752494192786,-1.5869793834875454,0.4198108194148361,1.6361753516002655,0.1197772282012737,1.1225660424076602,-1.3350278291116804,-1.1506855052249332,-0.121549376124324,1.2791071871318884,0.9398299642165546,-0.9387862340746722,-0.326201743950899,1.442711360473149,-1.3819898434163485,0.4712411280022369,1.533960476471442,-1.124364383335211,0
1.413744305159261,1.506971820473259,-1.3682408876418428,0.1943577305798424,-0.8266001534708395,0.35860695678461,-0.7531449889634411,-1.099866011217305,-0.4987433679095183,-0.4165231043827014,-0.3505372901943239,1.1729847617081857,1.378683864654589,-0.9480042804815582,0.9839337339406418,-0.8807385584473101,0.6673412965277677,-1.0811366684026344,-0.9945559449730604,-1.0936218950824852,1.3397375968765723,-0.7165398270988601,1.4537028400414147,-0.5435823896046147,-1.452106020149801,0.2594473626079732,-0.2921068095295218,0.2926039636530825,0
-1.5089710141053316,0.9002732570977576,-1.6336978752227822,1.1594417785046391,1.1921355026288991,-1.2516020166168198,0.3051383678938531,-1.0825452866312062,-0.7847610699364822,-1.4458577024796473,-1.0978158186119564,-1.445442760656995,1.3854762035850263,1.0607064044621508,-0.8816797235612008,-0.2368192224582124,0.5982940852988212,0.1707423943987433,-1.46463640512238,1.2595217565804804,-1.035671938932365,0.0993878421364568,-1.284611904562145,-0.8746313479509087,-0.4003633691480137,0.8948286587907645,-0.783918360899729,0.0800587116048385,0
1.4251713577120702,1.3721499175009253,-1.3886110622032848,-0.2259657081577747,1.047940098621775,-0.2452214082409261,-1.3881150030778175,-1.0652245620451068,0.7168318657050781,-0.7596346370816834,0.2672902003515545,-1.5869793834875454,0.6023973272897507,-1.5091076741939171,-0.499952029396821,1.1225660424076602,-0.1612252382195901,-1.428880852514128,-1.3303277022225746,-1.6279779681424782,0.382119058390171,-1.3870343636587603,0.7006662852754358,-1.2056803062972026,0.6513792818537735,0.0476535972137093,-1.4006324555021854,-0.1324865404434055,0
-1.4429152780581258,0.1587527907499228,0.5038992056900624,0.5812207742363019,-0.6824047494637153,0.7611592001349674,-1.6703238982397628,-1.0479038374590075,-1.7143186015241147,1.6993313472610203,1.4636503463341062,-1.5869793834875454,-0.9640222398631936,1.4580572857208107,-1.5865101905195065,-0.3799124082335675,0.8744829302146072,-0.2465506265350492,-1.46463640512238,0.084337639719232,-0.4309335675928262,-0.8746044759925636,-0.326201743950899,-1.4705194729742377,-0.3302471924145612,0.6830348933965007,1.093840554711626,1.4261786412437174,0
0.6459324408330215,1.3721499175009253,-1.463384416748487,1.441135214345834,0.3269630785861541,0.2244228756678241,0.1640339203128805,-1.0305831128729082,0.0017876106376684,0.0981441946657714,-0.2889715440758194,1.1022164502929106,1.3158045572567365,1.297315151940218,1.6264178808691625,-1.5246578944364078,0.6673412965277677,0.4489377416879384,0.8857658956242181,0.9692987310362804,1.6501188692633977,1.573861316373835,1.6590764458866818,1.6413407354809253,0.9318439887875836,0.1888494408098852,1.207803802587477,1.284481806544888,0
-1.3710865230528075,0.091341839263756,-0.666632469348231,1.7530561551081736,0.3269630785861541,-0.7819577327080693,0.6578994868462845,-1.013262388286809,-0.8562654954432232,-0.4165231043827014,1.2223599811106116,-0.1716131551820423,1.3965946659998718,0.2542917090251925,0.6135277331506981,-0.451459001121245,1.288766197588286,-0.2465506265350492,-0.7930928906233521,1.5372165455414004,-0.1289127335194505,-0.0282928893673124,0.9744977597357918,0.0523057354187143,-0.5405957226149187,0.8242307369926766,-1.6314279717994822,0.2926039636530825,1
0.7829542022764572,-1.4591100449180805,1.0243830356649648,-1.1187780501035824,-0.9707955574779636,-1.117417935500034,0.8695561582177433,-0.9959416637007096,0.5023185891848552,1.0131082818630566,-1.5928959316432447,1.5268263187845614,-1.0150160141107667,-1.678552362221042,1.5288377904053354,-0.3799124082335675,-0.437414083135376,1.0748772730886271,1.1543833014238294,1.4493138554580924,-1.0015334824857782,-0.0989611017236767,-0.9423225614867,0.3833546937650083,-0.1198986622142038,0.4712411280022369,-0.4647884511345022,0.9302397197978146,0
-1.4990935144553326,-0.7175895785702455,-1.6174594191841667,1.6709823897879403,0.5432561845968404,0.7611592001349674,-1.5997716744492765,-0.9786209391146105,1.2888672697590058,-1.3028945638550715,-1.0320716045401994,0.4653016475554341,0.8765669930811287,-0.8229750952171961,-0.7744975185978252,1.6233921926214028,1.564955042504072,0.0316447207541458,-0.3901667819239352,1.1416535728484076,-0.4664654304249882,-1.569679260328591,-0.736948955641433,0.7144036521113023,-1.6624545503501584,0.7536328151945886,0.9380963122674923,0.5759976330507413,0
1.2454619683811103,0.6306294511530904,0.9266106149834638,0.1160768181679011,-1.6196748755100223,-0.7819577327080693,-1.2470105554968451,-0.961300214528511,-0.3557345168960364,-0.2449673380332105,-1.4923029851257217,0.6068382703859845,-0.7006710627167934,-0.3105764815531878,0.4189550314496021,-1.3100181157733752,0.3911524516119818,1.0053284362663284,1.0200745985240238,1.377150560515187,0.4807025601696004,-0.774917915567161,-0.736948955641433,0.0523057354187143,0.6513792818537735,0.0476535972137093,1.642729714168803,-1.2660612180340405,0
-0.0326832630941347,0.7654513541254241,-0.7859936958228101,-0.7209145762146293,1.624721714650272,0.2244228756678241,-0.6825927651729548,-0.9439794899424118,0.931345142225301,0.2982925887401775,-0.5000467921378351,0.6776065818012595,1.1046816753849036,-0.1274977339834925,0.650204416679149,-0.5945521868966,0.8744829302146072,-0.6638436474688418,1.691618113023052,-0.9891773671467362,-1.531724612197056,1.337959216189063,-0.6000332184112551,-1.4705194729742377,1.282424872454846,0.4712411280022369,-0.3960384461150343,-0.9118191312869668,0
-1.2971688376903483,-1.6613428993765809,-1.3123339063248,-0.0019553038801061,-0.7545024514672773,1.2978955246021109,1.575078396122606,-0.9266587653563124,-0.2842300913892954,1.1560714204876323,1.4331241669434296,1.739131253030387,1.7853698582245865,-0.6858835549788346,-0.5949337612648958,-1.1669249299980202,1.564955042504072,0.7271330889771335,0.6843028412745097,-0.6973595170684939,0.3058300587799413,-1.057590764992618,0.5637505480452578,1.2440819854653726,0.5111469283868685,-1.5760986041423128,1.376201291306043,0.4343007983519119,0
0.7850129576711181,-1.5265209964042472,0.5480489290236298,1.8622535905162891,-0.3219162394459047,-0.0439452865657474,-0.470936093801496,-0.9093380407702132,1.5748849717859696,-1.7460802935912565,-1.27057587559828,-0.1008448437667671,-1.5978671689201311,-1.5961995582222406,1.235290170634298,1.6949387855090805,-0.0231308157616971,1.7008168044893162,-0.0543950246744211,-0.6809280020791866,1.4470298885658452,-0.2024029777815433,1.2483292341961478,0.1847253187572319,-1.1015251364825385,-0.3053360117767302,-0.3390162552914749,0.5051492157013265,0
0.046569904270476,1.439560868987092,0.3300581475870889,0.117872747756959,-0.1777208354387805,1.230803484043718,-0.8942494365444137,-0.8920173161841138,-1.6428141760173738,1.742220288848393,0.4273495595879299,0.4653016475554341,1.4360247870787315,0.3197437393449776,1.576981817555376,-0.451459001121245,-0.0231308157616971,1.2835237835555235,-0.0543950246744211,-0.3783914879148511,1.1655617986797009,-1.5707034373192628,0.6322084166603468,1.2440819854653726,1.4927734026552033,-1.7172944477384886,-1.107191888268995,-0.3450317924916495,0
-0.9662043628525006,-0.1108910151947443,1.1291966894143342,-0.4685799619607413,-0.9707955574779636,-0.8490497732664622,1.363421724751147,-0.8746965915980146,1.002849567732042,-0.7310420093567682,-0.0889487679259238,1.5975946301998367,0.4750204794363363,0.0928868542906033,1.3620494413538395,1.6949387855090805,0.6673412965277677,1.144426109910926,-0.5244754848237408,-0.322521977845957,-1.5609861462941304,0.0133569749200132,0.9060398911207028,-0.5435823896046147,1.0720763422544883,-1.152511073353785,-1.7384705814270485,-0.5575770445398935,0
-1.5612124465907964,0.091341839263756,0.671310295111612,0.6217123348784851,0.1827676745790299,-1.5870622194087842,0.1640339203128805,-0.8573758670119153,-0.2842300913892954,0.7557746323388201,1.5340369285234396,-1.37467444924172,1.701925917932007,-0.7363566329185882,0.8591369086564331,1.3372058210706927,1.1506717751303932,0.8662307626217309,1.0200745985240238,0.196905469039493,1.6637045815227538,-1.547830151194256,0.8375820225056138,0.8468232354498199,1.4226572259217507,-1.505500682344225,-0.5668572708198774,0.7885428850989853,0
-0.1954435817384391,0.9676842085839245,0.8912803779142486,-0.7856869747610489,-1.5475771735064603,0.6269751190181816,-0.9648016603349,-0.8400551424258159,1.4318761207724875,-1.045560914330835,-1.1853656969389528,-0.0300765323514919,-0.0763263630169924,-1.5789097659538769,-0.7332115971044278,1.0510194495199827,0.5982940852988212,1.2139749467332248,-0.9945559449730604,-1.1242933856698565,0.6371124269503916,1.1785289979744635,-0.8054068242565221,1.442711360473149,0.0203336912527011,-1.152511073353785,-0.3936833935222492,-1.549454887431699,0
-1.323731377105303,0.6980404026392573,-0.7854155605370126,-1.3736279779807925,-0.538209345456591,-0.0439452865657474,0.6578994868462845,-0.8227344178397167,-1.285292048483669,0.2554036471528048,-0.8870502861894021,1.4560580073692864,1.261205797880821,1.710561957968087,-0.7188908327317834,1.7664853783967578,1.1506717751303932,1.5617191308447187,-1.531790756572283,0.7007284754818955,-1.231445536105649,1.1966227914763343,-1.421527641792323,0.3171449020957495,1.0720763422544883,0.4712411280022369,1.638196364699209,-1.6911517221305283,1
-1.294739067416104,0.5632184996669236,-1.121737967967246,-1.18389061969334,1.4084286086395856,-0.8490497732664622,1.292869500960661,-0.8054136932536173,-0.2127256658825544,-1.5459318995168505,-1.495241243931393,0.1114600904790583,-1.484645973735726,-0.052115656832572,1.6328616847462225,1.7664853783967578,0.5982940852988212,0.2402912312210421,1.288692004323635,-1.0978925694383828,-1.7536245790998706,1.0696248446330132,0.2899190735849019,-1.536729264643497,-1.7325707270836108,0.8242307369926766,-1.011896651871482,1.7804207279907909,1
-0.7069160537210657,0.2261637422360896,0.7212907401590211,-1.1868747981872354,0.254865376582592,0.2915149162262171,-0.6825927651729548,-0.7880929686675181,-0.4272389424027774,-1.0026719727434623,-0.1474752610084983,-0.8085279579195187,-0.5301138916721777,0.8901356465540742,-1.6548790437354222,-0.8807385584473101,-0.989791772966948,-0.7333924842911406,-0.121549376124324,-0.6076340712527823,-1.200093892430212,-0.6520166766865275,-1.489985510407412,-1.1394705146279438,-1.452106020149801,-0.9407173079595216,-0.3802162741047853,0.1509071289542531,0
0.5257908277187587,-0.1108910151947443,0.9020645497649996,-1.101494758305504,0.3269630785861541,-0.8490497732664622,1.4339739485416336,-0.7707722440814188,1.002849567732042,0.6985893768889898,-0.6677345822331133,-0.4546864008431429,-1.4684767162204535,-0.154147591381992,0.7797373141148206,1.4802990068460478,0.4601996628409283,-1.428880852514128,-1.2631733507726717,0.0553657456931558,1.1230629039196631,1.2386140480938843,-0.736948955641433,-0.7422117646123911,1.3525410491882983,0.330045284406061,-1.6606296097778792,1.5678754759425466,0
0.1844633106528236,-0.1108910151947443,1.4926515054792149,-1.1482901474851248,-0.2498185374423426,0.8953432812517532,1.6456306199130923,-0.7534515194953195,1.3603716952657467,-1.6460060965540533,1.305532096203311,-0.5962230236736933,1.7087836221715436,-1.5610482552943814,0.745917884238665,-1.0238317442226652,0.6673412965277677,-0.316099463357348,-1.531790756572283,1.062025444427367,-1.721576232231646,0.2342378125749295,0.9060398911207028,0.7806134437805611,-1.7325707270836108,1.4596120331754678,0.9870902439832254,1.071936554496644,0
-1.3802254219166477,1.102506111556258,-0.3655292190615143,0.6484604069705876,1.624721714650272,-1.117417935500034,1.1517650533796884,-0.7361307949092202,-0.7847610699364822,-0.7024493816318531,0.4224536959524036,-0.950064580750069,1.1548196940722644,-0.6448882897600992,0.4576798780229543,-1.2384715228856975,-0.8516973505090549,0.6575842521548346,-0.2558580790241296,0.8663525818611418,-0.9848126058588784,-0.3433980101640477,0.6322084166603468,0.6481938604420435,1.0720763422544883,0.6830348933965007,1.530706432716661,0.5759976330507413,0
1.6731022224427805,-1.4591100449180805,-0.496076064135859,-0.9942103783292112,-0.6103070474601532,-1.1845099760584268,-1.5997716744492765,-0.7188100703231208,-0.1412212403758135,-1.1027461697806653,0.4529485671317005,0.8191432046318099,1.2792529830602255,-0.6087501994997954,1.7251339038825595,1.5518455997337253,0.4601996628409283,-0.8724901579357381,0.6843028412745097,0.5437258580074752,0.8412464624371252,0.5152037003492668,1.3167871028112368,1.111662402126855,-0.6808280760818236,1.318416189579292,-0.89804532513546,-0.3450317924916495,0
1.397241343861089,-1.5265209964042472,0.8042440594080503,-0.4080414457305549,0.9037446946146508,1.2978955246021109,-0.470936093801496,-0.7014893457370216,-0.0697168148690725,-0.773930950944141,0.1790582743228754,0.3945333361401589,1.578038517606526,1.173303667092633,-0.6144941016338284,-1.6677510802117628,1.357813408817233,0.5880354153325359,1.624463761573149,-1.13839771271608,0.2448685294110361,-1.5775312839237423,-1.079238298716878,0.9130330271190786,0.9318439887875836,-0.1641401681805543,-0.212527257067469,-0.7701222965881376,0
-0.7344270470703357,0.5632184996669236,-0.5964455464719879,1.5643356949555889,-0.3219162394459047,0.8953432812517532,-1.1059061079158723,-0.6841686211509223,1.5748849717859696,-0.1305968271335498,-1.2875792642047,-0.8085279579195187,-1.4052098102059405,0.540170008182218,-0.5175861626694259,1.7664853783967578,1.288766197588286,-0.0379041160681529,0.2813767325750928,0.2054575724958071,0.929727767921136,-1.1313315083209985,-1.62690124763759,-0.9408411396201676,1.4927734026552033,-0.7995214643633457,-1.312953651882447,0.7885428850989853,0
-1.1991146113168705,1.5743827719594257,1.3005342268527411,0.0511041488903345,-1.3312840674957742,1.096619402926932,1.0812128295892025,-0.666847896564823,1.2888672697590058,0.3411815303275503,-0.1105362846438034,-1.5869793834875454,-0.3541034872186788,-0.76238961798255,-1.4180465151801769,0.8363796708569502,1.288766197588286,-0.316099463357348,-1.196018999322769,-1.3730714420362675,0.8025794352374197,0.9146327267113258,1.2483292341961478,-0.6760019729431324,-0.8911766062821811,0.1888494408098852,-0.1126968601786817,-1.4077580527328697,1
1.584743760149819,-0.1783019666809111,1.0679120755540608,0.7439548417742695,-0.3940139414494669,1.029527362368539,-0.3298316462205234,-0.6495271719787237,-1.285292048483669,1.6564424056736478,1.737461526995895,-1.5869793834875454,-1.4544210548080672,1.6182200596736955,-0.1628751955697674,-0.2368192224582124,-0.1612252382195901,-1.3593320156918294,0.2813767325750928,-0.3773295436253789,-1.6205542692774604,-0.7858424701343283,-0.1208281381056321,-1.536729264643497,-1.171641313215991,-1.293706916949961,-1.2726855848257097,-0.1324865404434055,0
-0.0489849436766731,-0.1783019666809111,-0.3128714879686954,-1.0284248613980451,-1.4033817694993362,-0.5806816110328906,1.292869500960661,-0.6322064473926243,-0.8562654954432232,0.6128114937142443,1.1899613686909312,-0.950064580750069,-0.9655567346600564,-0.6038270303163852,-0.7898409707106508,0.9079262637446276,-0.7826501392801085,0.9357795994440298,0.8186115441743153,-0.253157691896015,1.3122178207614663,0.4220035941981196,0.1530033363547238,0.7806134437805611,1.282424872454846,-1.505500682344225,0.1258070887977377,1.4261786412437174,0
-0.5581020540993524,1.3047389660147584,0.7221150701339394,-0.9569585763378204,-1.5475771735064603,0.6269751190181816,-1.3175627792873312,-0.6148857228065251,0.85984071671856,-0.0019300023714316,1.3840301983196193,-0.3839180894278677,-0.9005910372609434,1.7230782837423344,-0.5058062633739202,-0.0221794437951799,0.3221052403830353,0.3793889048656396,-0.121549376124324,-1.5366778195727928,-1.0060620532388969,-0.3048206768487379,-0.2577438753358101,1.177872193796114,0.441030751653416,0.1888494408098852,0.8833965756464766,-0.6992738792387229,0
0.050195014535691,-1.3916990934319136,0.7339213721781763,-1.498868761851546,-1.6917725775135846,0.6269751190181816,0.0934816965223942,-0.5975649982204257,0.4308141636781142,0.2268110194278896,1.1499578907327417,1.6683629416151118,-0.0619929873724313,1.7159592435572653,1.188591495697638,0.0493671490924975,-0.6445557168222155,-0.0379041160681529,0.5499941383747041,-0.7323793937140958,0.1309575573902821,1.2986990982133055,1.2483292341961478,0.4495644854342671,1.0720763422544883,1.4596120331754678,0.2333611309477606,-1.3369096353834549,1
1.008806252698906,0.3609856452084232,-1.3606978461377064,-1.0405387101358323,0.975842396618213,-0.983233854383248,1.292869500960661,-0.5802442736343265,-1.857327452537597,-0.0877078855461771,-1.2502804117328488,-1.5162110720722703,-0.7634850048055462,-1.0519903387663996,1.5367011615237924,-1.2384715228856975,-0.989791772966948,1.2835237835555235,-1.128864647872866,1.6088410624766127,0.4476091585121951,1.6318980125119116,0.4268348108150798,0.9792428187883374,-1.031408959749086,-1.5760986041423128,-0.8715138575221835,0.5759976330507413,0
-1.0428007619296644,1.0350951600700913,1.2098436386271565,-0.6480995364650378,-0.6824047494637153,1.5662636868356823,1.010660605798716,-0.5629235490482272,-1.5713097505106328,-1.145635111368038,-0.8356570155900268,1.809899564445662,-1.3496818034628253,-0.6340895505254285,-1.0496499999771585,1.2656592281830152,-0.299319660677483,1.0748772730886271,-0.8602472420732549,1.6019139662244433,-1.209499385532843,1.3970200893178122,0.3583769421999908,-0.8084215562816499,0.3709145749199635,-1.0113152297576091,-0.4821782435110349,-0.4158802098410642,1
0.99098999473825,-1.3242881419457468,-0.0676651503507859,-1.0116379084336573,0.6874515886039646,0.8953432812517532,0.2345861441033668,-0.5456028244621279,-1.285292048483669,-1.4744503302045624,-1.5832950834673818,-1.0916012035806193,-1.1170240555136302,-0.0381613516298413,-0.4053459218503529,-0.5230055940089225,-0.2302724494485366,-1.220234342047232,1.4230007072234403,-0.4633178891842482,1.60378810694303,-0.6957148949551972,-0.4631174811810771,1.177872193796114,1.5628895793886557,1.318416189579292,0.5389808189795371,-0.8409707139375523,0
0.9297190476279352,0.7654513541254241,0.9651608707175084,-1.327678497665583,0.7595492906075267,-1.5870622194087842,0.4462428154748257,-0.5282820998760286,1.2173628442522648,0.3554778441900079,-0.5821574578705112,-0.1008448437667671,-1.187736600223582,0.5741118801028362,1.513057735996616,0.3355535206432076,-0.0231308157616971,0.7966819257994322,1.557309410123246,-1.525382562409567,-0.0961676834584387,-0.9565386352463192,-0.326201743950899,-0.5435823896046147,-0.1900148389476562,-1.7172944477384886,0.3639307232213389,0.2926039636530825,0
0.2165008912713999,-1.0546443360010795,-0.6631792477984557,-1.2133940410865294,1.7689171186573962,-0.5806816110328906,0.4462428154748257,-0.5109613752899292,-1.499805325003892,-1.4601540163421047,-1.2317311381085967,-0.1008448437667671,1.700856046818744,0.1062729144824648,-1.47714148962099,0.4071001135308851,-0.8516973505090549,0.9357795994440298,-0.9945559449730604,-1.0582974163179169,-1.5961696575298985,4.267404127795893e-05,-1.558443379022501,-0.6760019729431324,-0.8911766062821811,0.0476535972137093,-1.2603778814878372,-1.3369096353834549,1
1.3248450938227654,0.9676842085839245,1.1872398481328887,0.0039248472260963,0.0385722705719057,-1.3186940571752126,1.4339739485416336,-0.49364065070383,0.0732920361444093,-0.5880788707321924,-0.0179686763101015,0.1822284018943334,0.9530542978555347,1.624070968725096,-1.3717489010915398,-1.2384715228856975,-0.989791772966948,-0.594294810646543,-0.6587841877235464,-0.3263100764074554,1.4682793359458637,-1.5946009004349415,-1.353069773177234,0.515774277103526,-1.5222221968832534,0.330045284406061,1.2790113640268232,-0.6992738792387229,0
-1.165830599009488,-1.25687719045958,-0.44082257056883,-0.9066945993145986,-0.0335254314316563,0.2915149162262171,0.6578994868462845,-0.4763199261177307,1.2888672697590058,-0.945486717293632,0.6630381115063873,0.1822284018943334,1.6822636796288497,0.780047206486861,-1.1287910479077947,0.6217398921939177,1.6340022537330186,-0.6638436474688418,-0.0543950246744211,1.5818116140816223,0.2455652326038237,-1.531443319343505,0.4268348108150798,-0.6097921812738735,-1.5222221968832534,0.6830348933965007,-0.0468846945286513,-0.6284254618893083,1
0.4070472069003037,0.9002732570977576,-1.6574413717383214,-0.3414655261052686,-0.8986978554744016,-1.72124630052557,0.0229294727319079,-0.4589992015316314,-0.0697168148690725,0.7843672600637352,1.3208606638246008,-1.0208328921653442,-0.1647154539374539,-0.9803483974816398,0.362896063237136,-1.2384715228856975,-1.54216946279852,1.4921702940224195,0.0799136782253844,-1.1884537629814182,0.6388541849323601,0.2694012225879997,-1.62690124763759,-0.8084215562816499,1.4226572259217507,0.6830348933965007,-1.1686007358060615,-0.0616381230939908,0
-0.0890380916013099,0.8328623056115908,1.21894049991065,0.1565213838731724,-0.4661116434530289,0.2915149162262171,-0.470936093801496,-0.4416784769455321,0.0732920361444093,-0.7024493816318531,0.903299345523542,-0.1716131551820423,-0.7291830572200474,-1.3481022581894626,-1.1712860755199073,-0.0221794437951799,1.357813408817233,-0.1074529528904517,1.4901550586733434,0.9489427750791491,0.0327224072072464,0.1570831459443097,-0.1208281381056321,-0.2125334312583207,0.3709145749199635,-0.0229443245843785,-1.310393591635476,-0.1324865404434055,1
-0.1808673603740773,-0.3131238696532447,-1.3987599348298674,0.8256851825555322,-0.6824047494637153,-0.9161418138248552,0.4462428154748257,-0.4243577523594328,0.931345142225301,-0.3593378489328711,1.5344281128419766,0.5360699589707093,1.089475937858359,0.6576730730947996,1.6491302598403703,-0.9522851513349876,-0.9207445617380016,-0.8724901579357381,1.1543833014238294,-1.3001344993424564,1.1108705980458826,1.775965575866432,1.3167871028112368,-0.1463236395890619,1.282424872454846,1.177220345983116,1.7114699396711988,1.6387238932919614,0
-0.7570503822924417,-0.3805348211394115,-0.6655457049289732,-1.5044391078736454,1.4084286086395856,0.1573308351094312,-0.1181749748490645,-0.4070370277733335,-0.8562654954432232,0.4412557273647533,-1.41406612141835,1.385289695954011,-0.5616832160113178,-1.1646337973543666,-0.1493652640323536,-1.0953783371103427,-0.575508505593269,0.3098400680433408,0.9529202470741208,1.6967940570100917,-1.6815157986463656,-0.9305928181492968,0.0845454677396348,0.7144036521113023,1.5628895793886557,0.0476535972137093,-0.7412927058198541,-1.0535159659857962,0
-0.3506437006922909,-1.5265209964042472,1.3626074432264514,1.215834979799696,-0.6103070474601532,-1.5870622194087842,1.222317277170175,-0.3897163031872342,-1.499805325003892,0.4984409828145836,-1.553105888158336,-1.2331378264111696,-0.6556746439106083,0.9990466107124568,0.0396852723173308,-0.8807385584473101,1.1506717751303932,1.3530726203778225,-1.46463640512238,-0.3627211312957175,-0.8618444923318871,-0.7383889362331949,-1.147696167331967,1.177872193796114,0.441030751653416,-1.505500682344225,1.507227985451676,1.1427849718460583,0
-1.2472779662026183,-0.2457129181670779,1.364360687199898,0.602027240304702,0.1827676745790299,0.1573308351094312,1.1517650533796884,-0.3723955786011349,0.0017876106376684,1.1131824789002596,0.6104150678298909,-0.6669913350889685,-0.8896068387242481,-0.6399505323795884,-0.839480526235771,0.7648330779692727,0.1149636066961958,1.6312679676670174,-1.531790756572283,0.9891915391245952,-0.160961080387675,-1.2320422457370728,-0.8738646928716111,1.6413407354809253,1.3525410491882983,-0.4465318553729061,-0.2785418949413331,1.1427849718460583,0
-0.7603164790836047,1.439560868987092,0.151583562525021,-1.352528335805966,-1.18708866348865,0.5598830784597887,-0.5414883175919822,-0.3550748540150356,0.788336291211819,-0.1877820825833802,-0.6293422988949903,0.6776065818012595,-1.2492881085317245,-0.5854254090261433,-0.0657271776094585,-1.4531113015487302,0.8054357189856607,-0.6638436474688418,-1.2631733507726717,-0.4967568183855101,-1.529982854215087,1.512752089263742,-0.8054068242565221,1.6413407354809253,-1.5923383736167058,-1.0819131515556974,-0.3669820520753803,1.709572310641376,1
-0.6911798107877271,-1.4591100449180805,0.3393648265080123,1.4812714209650617,1.55262401264671,-0.7819577327080693,1.4339739485416336,-0.3377541294289363,-1.6428141760173738,-0.1163005132710922,-0.7488282360670805,-1.1623695149958946,-0.8058067458285744,-1.6723638406081718,0.5929879122919359,0.8363796708569502,1.0125773526725002,0.3098400680433408,-0.2558580790241296,0.4823655304706047,0.6621937418907411,1.0358270039408393,-1.010780430101789,-1.0070509312894262,0.2306822214530586,-1.152511073353785,0.7625793351201675,-0.5575770445398935,0
0.8320238347285092,0.1587527907499228,-0.2503256947181119,1.650528747245893,0.0385722705719057,-0.3794054893577119,-0.4003838700110096,-0.320433404842837,-1.142283197470187,0.5127372966770413,-0.4909152304852427,0.0406917790637831,-0.4600129542598012,0.701034404948034,0.9009123961719612,0.2640069277555301,1.2197189863593396,1.422621457200121,-1.0617102964229632,-1.0139188303770517,-0.4253599420505265,1.1877465908905114,-0.8054068242565221,-0.5435823896046147,1.001960165521036,0.9654265805888524,-1.71538802350133,1.709572310641376,0
-1.449602118323162,-0.919822433028746,-0.7494786062128145,-1.4265424694458364,-0.538209345456591,-0.5135895704744977,1.0812128295892025,-0.3031126802567377,-0.4272389424027774,-1.1599314252304955,-0.6945199353349938,-1.0208328921653442,0.6546871012874712,-1.320000875179458,0.9101949860862476,-0.8091919655596326,-0.5064612943643225,1.2835237835555235,-0.9945559449730604,-1.171892497203394,-0.8468653736869561,1.4625674167208167,-0.6684910870263441,0.3171449020957495,-0.6808280760818236,0.8242307369926766,-0.5384988445357288,1.3553302238943026,0
0.5961763279845488,0.8328623056115908,-0.635478122936038,-0.6542287607368726,0.3269630785861541,0.0902387945510383,0.4462428154748257,-0.2857919556706384,0.2163008871578913,1.7708129165733084,0.1108211860008897,-0.8792962693347939,-1.484048499477956,0.948167494620071,0.3031428751195927,-0.0937260366828574,1.357813408817233,1.7008168044893162,0.7514571927244125,1.5484427641833576,-1.7849762227753074,0.1724458008043889,-1.079238298716878,-0.8084215562816499,-1.6624545503501584,-1.4349027605461369,-0.6655938106138919,1.4261786412437174,0
-0.8627988812010283,0.6980404026392573,0.4701744308218011,1.2401385921733583,-1.18708866348865,-1.5199701788503914,-1.6703238982397628,-0.2684712310845391,-0.6417522189230003,-0.7882272648065985,-0.1267677406836095,-0.0300765323514919,-0.9665577072042684,-0.0181362724051235,1.42933288662745,-0.3799124082335675,1.426860620046179,-0.2465506265350492,-1.46463640512238,1.478319401426697,0.7106146137894714,-0.0791603465706858,-0.3946596125659881,0.3171449020957495,-0.9612927830156336,-1.293706916949961,1.3620180939162732,0.3634523810024972,0
-1.3365214464292272,1.439560868987092,0.7269493204675409,1.0327745175488576,-0.6824047494637153,1.230803484043718,-0.8942494365444137,-0.2511505064984398,0.5738230146915961,0.9416267125507688,0.1141280737470064,1.739131253030387,1.1270101116473346,0.9873652855532028,1.1293825795563002,1.2656592281830152,1.1506717751303932,-0.6638436474688418,1.0872289499739265,1.3746696838036496,1.1077354336783387,-0.4915622814812559,-0.6684910870263441,1.3765015688038902,1.212308695721393,-0.2347380899786423,0.1465153973008622,1.3553302238943026,0
-0.5932737160482414,1.0350951600700913,0.8530104203552844,-0.9847589735172312,0.1827676745790299,-0.9161418138248552,-0.8236972127539274,-0.2338297819123405,-1.7143186015241147,0.9416267125507688,0.6483276285742829,-1.5162110720722703,-1.1889735945325426,0.2984213525923895,0.9211647494376572,0.9079262637446276,0.8054357189856607,-0.7333924842911406,-0.0543950246744211,0.4746876836655385,-0.4208313712974077,0.3919610691384093,0.5637505480452578,0.3171449020957495,1.4927734026552033,1.4596120331754678,-0.4435437180097362,1.497027058593132,0
-0.8524012063455496,-1.3916990934319136,0.8467051729939425,-0.8959023928025752,1.55262401264671,-0.7819577327080693,0.4462428154748257,-0.2165090573262412,-1.070778771963446,-0.7596346370816834,-0.3034665726500376,-0.5962230236736933,-0.5043479468030972,-1.4260369224949534,-1.4985391834665758,1.0510194495199827,1.357813408817233,1.2139749467332248,-0.1887037275742268,1.1026481960402916,0.1685795298008064,-0.0685771843337423,-0.6684910870263441,-1.2056803062972026,0.6513792818537735,-0.0229443245843785,-0.7967146778868887,-1.0535159659857962,1
0.2595598769358093,-0.8524114815425792,-1.3990191213231629,-0.3192687329033106,1.8410148206609585,1.4320796057188965,1.0812128295892025,-0.1991883327401419,0.0017876106376684,-0.6452641261820228,-0.7561381984532332,0.8191432046318099,1.3216181831806548,0.92331198546494,-1.6666303704944048,-0.0221794437951799,-1.6112166740274665,1.3530726203778225,1.624463761573149,-1.4363003197015591,-1.0036235920641408,-0.0777947772497899,-0.8054068242565221,-1.0070509312894262,-0.6107118993483712,1.38901411137738,0.366635665202717,-0.4158802098410642,0
-0.4012357971603811,-0.1783019666809111,-0.1024952029592548,0.088901815148931,-1.259186365492212,0.8282512406933603,-0.3298316462205234,-0.1818676081540426,0.2163008871578913,1.0417009095879717,-1.0397841972576518,0.8899115160470851,-1.1609781626341729,-1.4694798787843455,-0.9574962523337214,-0.5945521868966,-0.5064612943643225,-0.594294810646543,-0.7259385391734493,-0.5235534786007432,0.3706234557091775,1.5789822013271944,0.1530033363547238,0.6481938604420435,-0.2601310156811087,1.177220345983116,-1.206954915151283,0.2926039636530825,1
1.6648274247772328,1.6417937234455924,-1.5072109689531956,0.5675069286464273,-1.5475771735064603,0.35860695678461,-1.8114283458207352,-0.1645468835679433,-0.4272389424027774,-0.4737083598325318,-0.428968062823793,0.3237650247248838,-1.4134882382719067,-0.063409700092609,0.5985417861899767,0.6217398921939177,-0.437414083135376,-0.6638436474688418,1.1543833014238294,-0.5959748874121125,-1.7546696338890515,1.73977798886269,-0.531575349796166,-1.536729264643497,0.581263105120321,-1.0113152297576091,-0.8679812786330056,-1.6203033047811135,0
1.6565303387871255,0.2935746937222565,0.0747048861132234,-0.3248463089157045,0.3269630785861541,-1.5870622194087842,0.3051383678938531,-0.147226158981844,0.788336291211819,-0.1734857687209226,0.8786008698662484,1.1022164502929106,-0.0080171417259356,-1.116847726385324,-0.271885345979477,-0.8807385584473101,-0.0921780269906436,1.2139749467332248,1.3558463557735378,0.5097613340337368,-0.0947742770728638,1.0996673696927242,0.0160875991245458,0.3171449020957495,1.5628895793886557,-0.0229443245843785,-0.6979868309969385,0.7885428850989853,0
-0.1081426147214826,0.7654513541254241,-0.2725608427689076,0.0102091547897399,1.4084286086395856,0.2244228756678241,1.4339739485416336,-0.1299054343957447,-0.4272389424027774,-0.159189454858465,0.9282546831731278,1.4560580073692864,-0.6450543711489,0.8775189400902534,-0.302211609042918,0.6932864850815952,-1.0588389841958945,-1.428880852514128,1.288692004323635,-0.4508479363777186,0.4472608069158012,0.9641346145938032,0.8375820225056138,-0.4111628062660971,0.441030751653416,-0.9407173079595216,0.4290260864903907,-0.4158802098410642,0
1.0846547927627863,-0.0434800637085775,1.1620977838978863,1.0299515678385205,-0.0335254314316563,-0.4464975299161048,0.5873472630557982,-0.1125847098096454,0.788336291211819,-0.2878562796205832,0.6289697278130901,-1.37467444924172,0.2678658018158426,1.4251442290338074,1.3611239699269495,-1.2384715228856975,-0.6445557168222155,0.1707423943987433,0.1470680296752872,-1.163354964691267,1.4017441810346585,0.7039936589631288,-1.284611904562145,0.9130330271190786,0.6513792818537735,0.9654265805888524,-0.4124017514032938,-1.2660612180340405,0
-1.5693727165578406,1.506971820473259,-0.5639322573430665,-1.5138474942433755,-1.5475771735064603,-1.6541542599671772,-0.470936093801496,-0.0952639852235461,0.931345142225301,0.3125889026026351,-0.8137274650790032,-0.950064580750069,1.108755170782792,0.1959482987496907,1.3989867621666705,-0.9522851513349876,1.564955042504072,-0.1074529528904517,0.5499941383747041,0.3752003990987103,-0.4685555400033505,-1.0524698800392582,1.3167871028112368,0.7806134437805611,-0.6808280760818236,-0.587727698969082,0.0628215657859873,0.0800587116048385,0
0.2452315703200049,0.091341839263756,-1.3158641043143136,-0.741698267813603,-0.3219162394459047,1.5662636868356823,0.3756905916843394,-0.0779432606374468,-0.8562654954432232,-1.48874664406702,0.3662807050823001,-1.2331378264111696,-1.223160357843628,0.1031774379929382,1.445944332159874,0.4786467064185626,0.5982940852988212,0.3098400680433408,-0.1887037275742268,1.1236532528682497,0.8687662385522307,-1.417759673378919,0.5637505480452578,-1.4705194729742377,0.861727812054131,-0.0935422463824664,0.5815286001271683,-0.6992738792387229,1
0.9088499749972824,-0.7850005300564123,-1.2325038167994953,0.9078366702714274,1.55262401264671,-0.1110373271241403,-1.0353538841253862,-0.0606225360513475,-0.6417522189230003,0.7986635739261928,0.3083012640802957,0.4653016475554341,0.3283474390107224,0.9175037989907628,-0.607599409192613,0.3355535206432076,-0.8516973505090549,1.144426109910926,0.2813767325750928,-0.3609795565380728,0.2852773145927105,0.7384742843157507,1.4537028400414147,-0.0139040562505444,0.5111469283868685,0.4712411280022369,1.6781927785039334,1.5678754759425466,0
-0.8779617998472464,1.506971820473259,0.7563260632734585,1.5586756970538416,-0.6824047494637153,-1.050325894941641,-0.7531449889634411,-0.0433018114652482,0.1447964616511503,1.6850350333985629,0.0202680759134224,1.5975946301998367,0.0653372214496255,-1.692031509003926,0.6935172460378392,-0.8091919655596326,0.8744829302146072,-1.0811366684026344,-0.3901667819239352,-1.2191259474232743,1.432399121517308,0.8685447621310879,1.5906185772715928,0.5819840687727847,-1.031408959749086,1.4596120331754678,0.9917434830880412,0.9302397197978146,0
-1.406756757677219,1.439560868987092,0.2955730273794724,0.1860833681877441,0.0385722705719057,-1.72124630052557,-1.3175627792873312,-0.0259810868791489,1.503380546279229,-0.7596346370816834,0.2392764207622893,0.8191432046318099,-1.1989186613175518,1.4463519942377483,-0.753328056598856,0.4786467064185626,-0.5064612943643225,1.2835237835555235,-0.3901667819239352,-0.997872057699742,-0.4089874170200203,-1.4590681453360206,1.3167871028112368,-0.2125334312583207,-1.5222221968832534,0.9654265805888524,-0.2976488980749245,-1.549454887431699,0
-1.085120118116012,0.6980404026392573,-1.367132686745696,0.259220865504453,0.3990607805897162,1.4320796057188965,-0.8942494365444137,-0.0086603622930496,0.788336291211819,-0.8597088341188864,0.0453456165816218,1.809899564445662,0.4798055733884228,-1.03053908960609,-1.0328270479853516,-1.5962044873240853,-1.6112166740274665,1.2835237835555235,-1.2631733507726717,-0.8577578583930788,-0.6852302329602591,1.548939676267484,-1.284611904562145,0.8468232354498199,1.4927734026552033,1.177220345983116,0.93235501133728,0.9302397197978146,0
-0.1144810713287947,0.9002732570977576,-1.421846695644349,-1.261579034400679,-0.7545024514672773,1.4991716462772893,-0.6120405413824686,0.0086603622930496,-0.4272389424027774,1.399108756149411,0.2908595605145517,1.385289695954011,-0.7457215404002336,1.67454126796064,-1.0534466628790378,1.0510194495199827,0.5292468740698748,-1.220234342047232,1.3558463557735378,-0.6433911682888215,1.293406834556204,-1.3085141277072447,0.4952926794301688,-0.7422117646123911,0.9318439887875836,-1.0113152297576091,1.6546071187554867,-0.6284254618893083,0
0.1045552094434757,-0.6501786270840788,0.5616565447167621,-0.0439116605558767,-1.259186365492212,1.4320796057188965,0.2345861441033668,0.0259810868791489,-0.7132566444297412,-0.6881530677693956,0.7909462941872168,-0.950064580750069,0.0035132987992351,0.8222213369665317,-0.5102186295933122,-0.6660987797842776,1.564955042504072,1.2139749467332248,-0.3901667819239352,0.534317538116526,-1.6254311916269728,-0.6434818684309279,0.6322084166603468,0.9130330271190786,0.0203336912527011,1.247818267781204,0.0398621573345144,-1.6203033047811135,1
-0.3214309080386073,-0.2457129181670779,-1.45832216025161,0.2610236635842904,-0.538209345456591,-1.117417935500034,0.4462428154748257,0.0433018114652482,1.002849567732042,1.2132566759374628,-1.228328979138602,0.6068382703859845,-1.4151131845235236,0.952880176959602,-0.2071702929828257,-0.9522851513349876,1.0125773526725002,-1.428880852514128,-0.7930928906233521,0.3905817653247924,-1.3216685995716286,0.675999487884762,1.6590764458866818,-1.536729264643497,0.9318439887875836,0.6830348933965007,-0.2788584615310125,0.4343007983519119,0
-0.1208438736444713,-0.3131238696532447,0.950378146336727,-0.7773667019305829,1.4084286086395856,-0.6477736515912835,0.5167950392653119,0.0606225360513475,-0.6417522189230003,0.4984409828145836,0.9046610843948688,1.314521384538736,-0.0953042088675772,0.5469545618480535,1.1760948438700871,0.6932864850815952,-0.299319660677483,-1.3593320156918294,0.0799136782253844,0.7173285971110864,-1.50977846162425,-1.039496971490747,0.9060398911207028,0.4495644854342671,-0.9612927830156336,1.5302099549735555,-1.4710667106841346,0.2217555463036678,1
-0.0181166428541981,-0.3131238696532447,0.5786121483458498,-0.6815512555578425,-0.3219162394459047,0.2244228756678241,1.222317277170175,0.0779432606374468,0.7168318657050781,0.4269594135022957,-1.1408161320293675,1.314521384538736,-0.6309089649337495,-0.0876125610965037,-1.276779016372755,1.0510194495199827,0.8054357189856607,-1.3593320156918294,-0.1887037275742268,-0.4283712141868263,1.1401321321429572,-1.4303911895972063,-0.326201743950899,1.177872193796114,-0.0497824854807513,-1.5760986041423128,1.4490543470439166,-1.2660612180340405,0
0.9975784234779252,-1.1894662389734132,-1.4307149011743585,-0.2948895671310743,0.8316469926110889,0.5598830784597887,1.575078396122606,0.0952639852235461,0.788336291211819,-0.2735599657581257,-1.3716404651711134,-1.445442760656995,1.173733941243725,0.2561298218598621,0.8448516857316587,-1.4531113015487302,0.0459163954672493,-0.9420389947580368,-0.2558580790241296,1.156672400106016,-1.759894907834958,-0.4891725351696881,1.5906185772715928,-1.4705194729742377,-0.8911766062821811,-1.505500682344225,-0.867158350381574,0.3634523810024972,0
-1.257152379776909,1.5743827719594257,-1.4194964782690505,-1.5732993429323567,-1.114990961485088,1.5662636868356823,0.5167950392653119,0.1125847098096454,-1.070778771963446,-0.6881530677693956,1.6593889472364116,0.1822284018943334,-1.5035884869867977,-1.5499323964417868,0.1429561757871681,-0.9522851513349876,-0.3683668719064296,1.144426109910926,0.7514571927244125,-0.9724579025461052,1.2049255290721934,0.9955427089744092,0.1530033363547238,1.0454526104575963,0.3709145749199635,0.7536328151945886,-1.5214862786664325,1.284481806544888,0
0.995928058768648,-0.6501786270840788,1.4802219216296717,-0.4924595354036546,0.975842396618213,-0.5135895704744977,1.575078396122606,0.1299054343957447,-1.142283197470187,0.0695515669408562,1.5957726815962137,-0.5962230236736933,-0.2386379653131888,0.4360804431655676,-0.6970572334814393,0.3355535206432076,1.0125773526725002,0.2402912312210421,-1.531790756572283,-0.0624556028611711,-0.22470942252773,-0.207182470404679,0.4268348108150798,-1.1394705146279438,-1.1015251364825385,-1.293706916949961,0.1754888465475681,-1.2660612180340405,1
0.7232561250854147,0.3609856452084232,-0.4888324837179617,-0.8883915173855353,1.696819416653834,1.2978955246021109,-1.3881150030778175,0.147226158981844,1.503380546279229,1.0845898511753445,-1.3922752696502154,-0.4546864008431429,-0.0993360117980401,0.4434342838563508,0.0096792307302874,-1.5962044873240853,0.3221052403830353,-0.594294810646543,1.4901550586733434,1.0774744614657477,-1.7828861131969451,0.6097693758213096,1.2483292341961478,0.0523057354187143,0.7916116353206785,1.1066224241850282,1.282418258011403,0.7885428850989853,0
0.9032881807765304,1.102506111556258,-0.5005004230477325,-0.473068701434842,-0.1777208354387805,0.4927910379013958,-1.458667226868304,0.1645468835679433,1.5748849717859696,0.4412557273647533,-0.1164195352038294,0.2529967133096086,0.8331227353715634,1.3550288383742126,-0.6556733987836159,-0.5945521868966,0.0459163954672493,1.144426109910926,1.288692004323635,-1.0546439255265314,-0.3978401659354207,0.3591874054369071,-0.6684910870263441,0.4495644854342671,-0.7509442528152761,1.6008078767716436,-0.2927066199099666,0.2926039636530825,0
0.8788721784652694,-1.0546443360010795,0.9212443502688864,-1.2165210118887335,-1.6196748755100223,0.35860695678461,-1.458667226868304,0.1818676081540426,-0.4987433679095183,-0.9597830311560896,-0.9729798804156083,-0.3839180894278677,0.3059204247956493,0.0292777995378548,0.365894088898642,1.0510194495199827,0.7363885077567143,0.3793889048656396,0.3485310840249956,-1.2960796137314303,-1.1460993949891818,-1.5437334432315684,-1.079238298716878,-0.9408411396201676,-0.3302471924145612,0.1182515190117973,1.0571133972437945,-0.0616381230939908,1
-0.0169051866900851,0.42839659669459,1.353561249979241,1.541928147536557,-0.0335254314316563,-0.983233854383248,-0.3298316462205234,0.1991883327401419,-1.285292048483669,-1.4458577024796473,0.0238631338632117,-0.3131497780125926,0.6309644406482456,-1.4442235415469753,-0.1937638497789159,-0.8091919655596326,-1.680263885256413,-1.428880852514128,0.1470680296752872,1.3616696261704908,0.3782871908298398,1.755140643722769,-0.1892860067207211,1.6413407354809253,1.4226572259217507,0.330045284406061,1.2483399008528673,1.001088137147229,0
-0.8967786321319562,0.5632184996669236,1.4781688917748812,0.4792442916344327,-1.18708866348865,1.096619402926932,-1.3175627792873312,0.2165090573262412,-1.857327452537597,-0.4880046736949894,1.1731239472695707,-0.8085279579195187,1.0151661811919583,-0.6565960126093447,-1.123221493959223,0.9079262637446276,1.426860620046179,-1.5679785261587258,-1.196018999322769,-0.4955939182684533,0.5698805688463988,-1.4781861158285636,1.5221607086565037,-1.6029390563127557,-0.7509442528152761,-1.2231089951518732,-0.1214172917726373,-1.4786064700822843,1
0.2072697530336153,-1.1220552874872465,0.7301764846246672,0.7852709828094964,-0.9707955574779636,-0.6477736515912835,0.7284517106367708,0.2338297819123405,-1.7143186015241147,-1.48874664406702,1.574509356357466,0.0406917790637831,1.3130274149349908,0.5449820291972428,-1.2881906087035686,-0.5230055940089225,-1.1969334066537871,1.4921702940224195,-0.3230124304740324,0.6753930728123195,-0.0986061446331949,1.684472431366405,1.6590764458866818,-0.6760019729431324,-0.9612927830156336,0.1888494408098852,0.3682322619158819,0.2926039636530825,1
1.6376301824582948,-0.582767675597912,-0.4824375929078109,1.1791904969930105,-0.8266001534708395,-1.3857860977336056,-0.8236972127539274,0.2511505064984398,-0.4272389424027774,0.5127372966770413,0.5201444049397148,-1.303906137826445,-0.6049822567368839,-0.8867689337998851,0.1955306883261034,-0.2368192224582124,-0.5064612943643225,-1.498429689336427,1.691618113023052,-1.586351556016831,-1.6557377805132287,0.2577938833603844,-0.736948955641433,-1.404309681304979,-1.031408959749086,-0.8701193861614336,0.1636871426671123,1.3553302238943026,0
0.3834428425002957,-0.9872333845149128,-1.423795466270633,0.1387164482753736,-0.538209345456591,-0.9161418138248552,-0.0476227510585782,0.2684712310845391,-0.2842300913892954,-1.3886724470298168,-0.4141986665907042,0.0406917790637831,0.1790686193710025,-0.7448598151380793,1.4226172952078542,1.4087524139583705,1.0816245639014466,1.770365641311615,0.4156854354748984,0.6966076736947834,0.4887146468866566,1.6687683841761016,1.1798713655810589,-1.404309681304979,-0.6107118993483712,0.9654265805888524,1.6169621355001873,-1.4077580527328697,1
-1.5769137139994425,0.42839659669459,0.8066040206364798,-1.33405679510305,-1.18708866348865,0.8282512406933603,0.8695561582177433,0.2857919556706384,-1.285292048483669,0.6699967491640746,0.4170703668321602,0.2529967133096086,1.2357412400855894,1.1118071222152544,-0.5038365005816733,-0.3799124082335675,0.6673412965277677,-0.2465506265350492,-0.121549376124324,-0.5877381408192841,1.136300264582626,-1.2276041454441609,1.6590764458866818,0.1847253187572319,0.1605660447196061,1.0360245023869403,0.8507069099122316,0.2926039636530825,0
-1.4117157384429724,-1.0546443360010795,0.1032433327547343,0.2770901480158697,-0.2498185374423426,-0.312313448799319,-1.6703238982397628,0.3031126802567377,-0.5702477934162593,0.655700435301617,-0.5538578646096127,1.739131253030387,1.7581323105857771,0.2997731921903739,0.838208570990072,-1.2384715228856975,-1.127886195424841,-1.2897831788695306,-0.7930928906233521,-1.4819670464940449,0.7123563717714401,0.0546654468771151,-1.353069773177234,-1.0070509312894262,-0.6107118993483712,-0.3053360117767302,1.5672876218370777,0.3634523810024972,0
1.7560415357921682,-0.2457129181670779,-0.328215783084951,0.4550823870705343,-0.4661116434530289,-1.050325894941641,-1.1764583317063588,0.320433404842837,1.2888672697590058,1.4991829531866143,1.4385701124864334,0.4653016475554341,1.4085780704508035,0.0391505355946666,0.5817686619143014,0.9794728566323052,0.9435301414435536,1.2835237835555235,-0.5244754848237408,0.4210371202400497,1.0944980730153766,-1.040862540811643,0.4952926794301688,-0.9408411396201676,1.3525410491882983,-1.0819131515556974,-0.9619110046837328,0.2926039636530825,0
-1.3701802454865035,-0.582767675597912,1.222066977585418,1.022681451098275,0.3990607805897162,-1.3186940571752126,-1.6703238982397628,0.3377541294289363,1.3603716952657467,-1.4315613886171896,1.3071803220411389,-0.5962230236736933,-0.4035302606778368,-0.6144521005379541,1.5231455836170555,-1.1669249299980202,1.288766197588286,-0.4551971370019455,-1.3974820536724772,-0.8463533191484468,-1.098375226283239,-1.4454124521270617,0.9060398911207028,1.6413407354809253,-1.7325707270836108,-0.2347380899786423,-0.6383734303535101,0.0800587116048385,0
-1.4581066571803192,-1.4591100449180805,-1.3347372982396648,-0.1002882328732568,-0.4661116434530289,1.230803484043718,0.2345861441033668,0.3550748540150356,-0.5702477934162593,-1.0884498559182076,0.2667811894310489,1.6683629416151118,-1.0202173260851195,0.8039075921969194,1.141708493055848,-0.8091919655596326,0.8744829302146072,1.3530726203778225,-0.7259385391734493,-0.344892887227869,1.2996771632912916,0.4885750985917962,-0.9423225614867,-0.1463236395890619,-1.7325707270836108,-1.7878923695365765,-1.4965448880882724,-0.4158802098410642,0
-0.4160098702673678,1.506971820473259,-0.1082674615543079,-1.188540949450514,1.55262401264671,1.230803484043718,1.363421724751147,0.3723955786011349,-0.2842300913892954,-1.5745245272417654,-0.5112059812865958,1.031448138877635,0.0089637056001571,-0.7201335157286956,0.2642110518792326,0.9079262637446276,-1.3350278291116804,-1.3593320156918294,-0.3230124304740324,-1.396652086712982,-0.6744313334720531,-0.9101092783358578,0.7006662852754358,1.442711360473149,-1.6624545503501584,1.38901411137738,0.0417535883771975,0.0800587116048385,0
1.6761094317717566,1.439560868987092,-1.655782318345145,-0.6295412358785922,1.624721714650272,-0.3794054893577119,-0.3298316462205234,0.3897163031872342,0.0017876106376684,1.3419235006995809,-0.6158868375975722,1.4560580073692864,0.8913119935100201,0.8250052512465536,0.576143008229386,-1.5962044873240853,-1.54216946279852,-1.0811366684026344,-0.7930928906233521,-1.16796944394454,-1.7501410631359329,0.3868401841850497,0.3583769421999908,-1.4705194729742377,0.1605660447196061,0.7536328151945886,1.3829075045874062,0.8593913024483999,0
-0.5326141548254484,-0.0434800637085775,-0.1853247752735149,-0.3457156758996633,0.4711584825932783,-1.72124630052557,-1.6703238982397628,0.4070370277733335,0.0017876106376684,-0.8168198925315138,-1.4823230719389533,0.7483748932165347,0.0200751014951002,-1.4684413380859969,1.4087272095564582,1.1941126352953375,-0.7826501392801085,-0.316099463357348,-1.46463640512238,-0.6499866020971047,1.1411771869321383,-1.2357975613695364,-1.079238298716878,0.9130330271190786,-1.311873666682896,-0.3759339335748181,-0.5788136359518126,0.1509071289542531,0
-0.2229885219204992,-0.3131238696532447,-1.5112481721006472,0.6665068242442098,0.975842396618213,0.2244228756678241,-1.8114283458207352,0.4243577523594328,0.85984071671856,1.0131082818630566,1.1252765840945915,0.2529967133096086,-0.0127640764705477,1.2633562604563155,-0.3121722740312732,-0.9522851513349876,-0.989791772966948,0.2402912312210421,0.0799136782253844,-1.365127155108916,1.483955157783582,-0.4861000041976721,0.5637505480452578,0.9130330271190786,-1.1015251364825385,-0.0229443245843785,-1.2908309354471743,0.3634523810024972,0
0.5380754664211423,0.7654513541254241,-1.3102341059749791,0.397596011243008,0.5432561845968404,-0.5135895704744977,0.4462428154748257,0.4416784769455321,0.6453274401983371,0.2982925887401775,-0.0926572760610373,-0.2423814665973174,1.2291732631620618,0.0083367899380381,-0.5630419322673376,-0.0221794437951799,1.4959078312751255,0.1011935575764445,0.0799136782253844,1.4548920985911935,0.486972888904688,1.0487999124893503,1.0429556283508807,-0.5435823896046147,-1.031408959749086,1.38901411137738,-1.505391728995498,0.3634523810024972,0
-1.5325633770998075,0.8328623056115908,-1.3143872609746947,-0.3707158978381639,-0.9707955574779636,1.3649875651605037,-0.5414883175919822,0.4589992015316314,-1.070778771963446,-0.7167456954943107,-0.5100926882217062,1.243753073123461,-0.4387317762469444,-0.2016217528035034,-1.6530625969928103,-1.3100181157733752,-1.4040750403406268,-0.4551971370019455,-0.457321133373838,-1.6526441481611585,-0.990734582997572,-0.1272966651322672,-1.079238298716878,-0.2125334312583207,0.3709145749199635,0.6830348933965007,-0.1461710605047403,-1.549454887431699,1
1.4332074988561851,1.5743827719594257,0.3952276356908595,1.8854542678705848,1.4805263106431477,1.2978955246021109,0.6578994868462845,0.4763199261177307,0.0017876106376684,0.4698483550896685,-0.0235775592112569,0.6068382703859845,1.3046034165590292,0.3915979041637478,1.1609231754219664,0.120913741980175,-1.1969334066537871,-0.3856483001796467,0.4828397869248013,-0.0115568663236578,-0.9200192089296422,0.5233971162746425,-1.010780430101789,0.1185155270879731,-1.5923383736167058,-0.2347380899786423,-1.1626750728688164,1.284481806544888,0
0.1489292062568732,-1.6613428993765809,0.7065963600466313,0.5228433021050258,0.0385722705719057,0.1573308351094312,0.5167950392653119,0.49364065070383,1.3603716952657467,-0.6595604400444803,1.1349989619941998,-1.37467444924172,-0.2799219878885113,0.4368803626399145,1.0727152253832355,-1.2384715228856975,0.5982940852988212,-1.498429689336427,-0.7259385391734493,-1.2501100194561912,-0.1714116282794874,0.5909927976589908,-0.8054068242565221,-0.6097921812738735,-1.2417574899494437,-1.7878923695365765,-0.509760103698762,-1.2660612180340405,0
-0.0297401755604284,-0.0434800637085775,0.18351611800731,-0.7961332262374988,0.6153538866004026,0.5598830784597887,0.3051383678938531,0.5109613752899292,0.5023185891848552,0.5699225521268716,-1.1783832925062738,-1.303906137826445,-0.5547601464626812,-1.255473458685427,-1.330029164866788,1.0510194495199827,-1.265980617882734,-1.0811366684026344,1.4901550586733434,-0.6166649343038276,1.3306804553703349,1.2611459418886672,-1.558443379022501,-0.6097921812738735,-0.1900148389476562,0.9654265805888524,1.1894744521633152,1.709572310641376,0
1.307479060018204,0.6980404026392573,1.4015487522661705,-1.28086756400683,0.975842396618213,-0.4464975299161048,1.1517650533796884,0.5282820998760286,0.4308141636781142,0.655700435301617,1.2647051786210757,-1.0916012035806193,-0.114872109130034,0.8909244512115828,0.2995768831833011,-0.3799124082335675,-1.3350278291116804,0.7966819257994322,-1.46463640512238,1.5072121960414695,-1.2756861888476545,-0.510338859643575,0.4952926794301688,0.9792428187883374,1.5628895793886557,-0.7995214643633457,-0.3737020291215117,-1.124364383335211,0
1.620977717936926,-0.582767675597912,-0.4869038503881491,-1.0980720809002706,1.1921355026288991,0.6269751190181816,-0.1887271986395508,0.5456028244621279,0.0732920361444093,1.17036773435009,1.3975270672514437,-0.1008448437667671,0.9640883153575436,-0.7606758521612613,-0.0898002365211807,-1.3100181157733752,-1.54216946279852,0.4489377416879384,-1.5989451080221857,-1.118060490830047,1.0805640091596267,0.7268669450881358,-1.284611904562145,-1.4705194729742377,-0.7509442528152761,-0.3759339335748181,0.4360611813088574,1.1427849718460583,0
-0.1770207384524746,1.0350951600700913,-0.7735904203767215,-0.7648862926848841,-1.18708866348865,0.8282512406933603,-1.0353538841253862,0.5629235490482272,0.2878053126646323,-1.317190877717529,1.5614982696731876,1.314521384538736,-1.2621498814065564,1.402348434374063,-1.2808565264019207,1.3372058210706927,-0.9207445617380016,1.7008168044893162,0.0799136782253844,1.643814797798954,-0.7820719767577198,1.663306106892518,-1.489985510407412,1.442711360473149,-0.6808280760818236,1.4596120331754678,0.049829296253042,1.2136333891954734,0
-1.0290324066062453,-0.1108910151947443,1.1006660378553283,-1.070077196981948,-0.9707955574779636,-1.72124630052557,-0.9648016603349,0.5802442736343265,0.3593097381713732,-0.5451899291448197,-0.2689470813949163,-1.1623695149958946,-1.0158357304194752,1.1028037732380305,1.692222174709359,0.3355535206432076,-0.5064612943643225,-0.5247459738242443,-0.0543950246744211,-0.9665962198558335,1.0199508313871155,0.8733242547542237,0.9060398911207028,0.515774277103526,1.4226572259217507,-1.2231089951518732,0.8257053934142928,-0.8409707139375523,0
1.1546593341272655,-1.593931947890414,-0.9733234946107124,-0.977436439347353,-0.1777208354387805,-0.2452214082409261,-0.7531449889634411,0.5975649982204257,1.6463893972927106,0.5270336105394988,-0.8700112129549574,-0.1008448437667671,1.625189165005037,-0.5188091016425238,-0.9497395055588744,1.3372058210706927,-1.3350278291116804,-0.1074529528904517,1.624463761573149,0.8735544444894177,1.4090595645589272,0.0529584852259953,1.5221607086565037,1.111662402126855,-0.3302471924145612,-1.2231089951518732,-1.190848050532924,-0.6992738792387229,0
-0.2454740124276396,0.9676842085839245,1.4049249973762077,-0.6248196907170215,-0.0335254314316563,0.2915149162262171,-0.7531449889634411,0.6148857228065251,-0.4987433679095183,0.8415525155135656,-0.3484251641921721,1.5975946301998367,-1.0890388700691196,1.0680341948009688,-1.4584250844161866,1.0510194495199827,-1.127886195424841,0.6575842521548346,0.6843028412745097,0.2041933696239234,-0.3076171024694411,0.5336388861813618,-1.079238298716878,-1.536729264643497,-1.3819898434163485,-1.152511073353785,1.5497105698188238,-1.4077580527328697,0
1.561465491082976,-0.7175895785702455,-1.6532073427576153,-1.0246536984606354,1.1921355026288991,0.5598830784597887,-0.470936093801496,0.6322064473926243,0.931345142225301,1.4705903254616992,-0.4841661227244621,0.4653016475554341,0.282972961389745,-0.4839947166000817,0.3616353871744525,-1.5962044873240853,-0.0921780269906436,1.144426109910926,-0.7259385391734493,1.3643992497149424,-0.5249884986191371,0.905756526125502,-0.736948955641433,0.9130330271190786,-1.171641313215991,-0.0229443245843785,0.5571254451923303,0.2926039636530825,0
1.6101908546449148,0.42839659669459,1.4263280203695796,1.5642536345657505,-0.538209345456591,1.3649875651605037,1.010660605798716,0.6495271719787237,0.5738230146915961,1.098886165037802,-1.006611295739318,0.9606798274623602,0.3235040462694389,-1.3623722936580125,0.8584459410963718,-0.3799124082335675,1.2197189863593396,1.144426109910926,-1.46463640512238,0.2293206159479642,0.997656329217916,0.470822697420149,-0.6684910870263441,1.3765015688038902,0.1605660447196061,1.0360245023869403,-0.7792357832436957,0.7176944677495706,1
-1.224607311152987,0.9002732570977576,-1.5535101862875542,-1.357986978478022,-0.8986978554744016,1.230803484043718,1.50452617233212,0.666847896564823,0.2878053126646323,-0.9168940895687168,0.4302053397722227,-0.5254547122584181,0.0097749420849825,1.5980980731396672,-1.578439494288474,-1.4531113015487302,0.5982940852988212,-1.3593320156918294,-0.7930928906233521,0.1625728552613999,0.0477015258521774,-1.5625100213938872,0.8375820225056138,1.5089211521424075,0.6513792818537735,0.6124369715984128,-1.3088618294984582,0.1509071289542531,0
1.6327823004180362,-1.3242881419457468,1.17315575802163,0.2320140505281889,1.55262401264671,-0.312313448799319,0.0229294727319079,0.6841686211509223,0.2878053126646323,-1.1742277390929532,-0.0052013223681821,-0.5962230236736933,0.5523762595067789,0.5345719612138943,0.5819630945408846,-1.3100181157733752,-0.0921780269906436,-0.6638436474688418,1.4901550586733434,-1.0020972845868643,0.587298148666086,-0.9544902812649756,-1.489985510407412,0.1185155270879731,-0.1900148389476562,-0.0935422463824664,-1.213938576954035,0.1509071289542531,0
